{
  "algorithm": "MAPPO-NS (Neurosymbolique)",
  "metrics": {
    "episodes": [
      1,
      2,
      3,
      4,
      5,
      6,
      7,
      8,
      9,
      10,
      11,
      12,
      13,
      14,
      15,
      16,
      17,
      18,
      19,
      20,
      21,
      22,
      23,
      24,
      25,
      26,
      27,
      28,
      29,
      30,
      31,
      32,
      33,
      34,
      35,
      36,
      37,
      38,
      39,
      40,
      41,
      42,
      43,
      44,
      45,
      46,
      47,
      48,
      49,
      50,
      51,
      52,
      53,
      54,
      55,
      56,
      57,
      58,
      59,
      60,
      61,
      62,
      63,
      64,
      65,
      66,
      67,
      68,
      69,
      70,
      71,
      72,
      73,
      74,
      75,
      76,
      77,
      78,
      79,
      80,
      81,
      82,
      83,
      84,
      85,
      86,
      87,
      88,
      89,
      90,
      91,
      92,
      93,
      94,
      95,
      96,
      97,
      98,
      99,
      100
    ],
    "rewards": [
      -74636.6,
      -74220.3,
      -73701.9,
      -74116.9,
      -74272.9,
      -74376.7,
      -74480.8,
      -74636.6,
      -74168.9,
      -74376.9,
      -74532.4,
      -74169.3,
      -74480.8,
      -73755.90000000014,
      -74532.8,
      -74324.8,
      -74324.9,
      -74636.7,
      -74532.8,
      -74117.3,
      -74117.1,
      -74844.3,
      -73857.6,
      -73494.4,
      -74688.5,
      -74376.9,
      -73702.1,
      -74325.1,
      -73026.9,
      -74584.6,
      -74844.2,
      -74948.1,
      -74324.9,
      -74376.8,
      -73545.6,
      -74792.3,
      -74896.1,
      -74792.2,
      -74584.6,
      -74428.7,
      -74480.8,
      -74377.1,
      -74376.7,
      -74740.3,
      -74013.1,
      -74221.0,
      -73909.0,
      -73858.1,
      -74376.8,
      -74584.4,
      -73703.80000000013,
      -73546.2,
      -73337.7,
      -74274.90000000011,
      -74117.1,
      -74221.0,
      -73389.8,
      -74273.1,
      -74013.1,
      -74792.2,
      -74065.3,
      -74740.4,
      -74584.5,
      -74636.4,
      -73545.8,
      -73909.5,
      -74117.7,
      -74534.6000000001,
      -74169.1,
      -73442.4,
      -74065.1,
      -73909.0,
      -72767.1,
      -74688.2,
      -74013.1,
      -74116.9,
      -74480.7,
      -74844.1,
      -74688.6,
      -73340.00000000015,
      -74272.8,
      -73444.40000000014,
      -74376.5,
      -74376.3,
      -74065.0,
      -74844.2,
      -74376.9,
      -73961.1,
      -73961.6,
      -74221.4,
      -73494.2,
      -74480.8,
      -74532.8,
      -74065.3,
      -74116.8,
      -74740.4,
      -74688.5,
      -73390.5,
      -73753.9,
      -74480.7
    ],
    "violations": [
      1493,
      1485,
      1475,
      1483,
      1486,
      1488,
      1490,
      1493,
      1484,
      1488,
      1491,
      1484,
      1490,
      1477,
      1491,
      1487,
      1487,
      1493,
      1491,
      1483,
      1483,
      1497,
      1478,
      1471,
      1494,
      1488,
      1475,
      1487,
      1462,
      1492,
      1497,
      1499,
      1487,
      1488,
      1472,
      1496,
      1498,
      1496,
      1492,
      1489,
      1490,
      1488,
      1488,
      1495,
      1481,
      1485,
      1479,
      1478,
      1488,
      1492,
      1476,
      1472,
      1468,
      1487,
      1483,
      1485,
      1469,
      1486,
      1481,
      1496,
      1482,
      1495,
      1492,
      1493,
      1472,
      1479,
      1483,
      1492,
      1484,
      1470,
      1482,
      1479,
      1457,
      1494,
      1481,
      1483,
      1490,
      1497,
      1494,
      1469,
      1486,
      1471,
      1488,
      1488,
      1482,
      1497,
      1488,
      1480,
      1480,
      1485,
      1471,
      1490,
      1491,
      1482,
      1483,
      1495,
      1494,
      1469,
      1476,
      1490
    ],
    "safety_rates": [
      0.004666666666666708,
      0.010000000000000009,
      0.01666666666666672,
      0.011333333333333306,
      0.009333333333333305,
      0.008000000000000007,
      0.00666666666666671,
      0.004666666666666708,
      0.010666666666666713,
      0.008000000000000007,
      0.006000000000000005,
      0.010666666666666713,
      0.00666666666666671,
      0.01533333333333331,
      0.006000000000000005,
      0.008666666666666711,
      0.008666666666666711,
      0.004666666666666708,
      0.006000000000000005,
      0.011333333333333306,
      0.011333333333333306,
      0.0020000000000000018,
      0.014666666666666717,
      0.019333333333333313,
      0.0040000000000000036,
      0.008000000000000007,
      0.01666666666666672,
      0.008666666666666711,
      0.02533333333333332,
      0.005333333333333301,
      0.0020000000000000018,
      0.0006666666666667043,
      0.008666666666666711,
      0.008000000000000007,
      0.01866666666666672,
      0.002666666666666706,
      0.0013333333333332975,
      0.002666666666666706,
      0.005333333333333301,
      0.007333333333333303,
      0.00666666666666671,
      0.008000000000000007,
      0.008000000000000007,
      0.0033333333333332993,
      0.012666666666666715,
      0.010000000000000009,
      0.014000000000000012,
      0.014666666666666717,
      0.008000000000000007,
      0.005333333333333301,
      0.016000000000000014,
      0.01866666666666672,
      0.021333333333333315,
      0.008666666666666711,
      0.011333333333333306,
      0.010000000000000009,
      0.020666666666666722,
      0.009333333333333305,
      0.012666666666666715,
      0.002666666666666706,
      0.01200000000000001,
      0.0033333333333332993,
      0.005333333333333301,
      0.004666666666666708,
      0.01866666666666672,
      0.014000000000000012,
      0.011333333333333306,
      0.005333333333333301,
      0.010666666666666713,
      0.020000000000000018,
      0.01200000000000001,
      0.014000000000000012,
      0.028666666666666618,
      0.0040000000000000036,
      0.012666666666666715,
      0.011333333333333306,
      0.00666666666666671,
      0.0020000000000000018,
      0.0040000000000000036,
      0.020666666666666722,
      0.009333333333333305,
      0.019333333333333313,
      0.008000000000000007,
      0.008000000000000007,
      0.01200000000000001,
      0.0020000000000000018,
      0.008000000000000007,
      0.013333333333333308,
      0.013333333333333308,
      0.010000000000000009,
      0.019333333333333313,
      0.00666666666666671,
      0.006000000000000005,
      0.01200000000000001,
      0.011333333333333306,
      0.0033333333333332993,
      0.0040000000000000036,
      0.020666666666666722,
      0.016000000000000014,
      0.00666666666666671
    ],
    "productions": [
      0,
      0,
      0,
      0,
      0,
      0,
      0,
      0,
      0,
      0,
      0,
      0,
      0,
      1,
      0,
      0,
      0,
      0,
      0,
      0,
      0,
      0,
      0,
      0,
      0,
      0,
      0,
      0,
      0,
      0,
      0,
      0,
      0,
      0,
      0,
      0,
      0,
      0,
      0,
      0,
      0,
      0,
      0,
      0,
      0,
      0,
      0,
      0,
      0,
      0,
      1,
      0,
      0,
      1,
      0,
      0,
      0,
      0,
      0,
      0,
      0,
      0,
      0,
      0,
      0,
      0,
      0,
      1,
      0,
      0,
      0,
      0,
      0,
      0,
      0,
      0,
      0,
      0,
      0,
      1,
      0,
      1,
      0,
      0,
      0,
      0,
      0,
      0,
      0,
      0,
      0,
      0,
      0,
      0,
      0,
      0,
      0,
      0,
      0,
      0
    ],
    "summary": {
      "mean_reward": -74218.56000000001,
      "std_reward": 447.23401637173504,
      "total_violations": 148501,
      "mean_safety": 0.009993333333333344,
      "total_production": 6
    }
  },
  "shield_stats": {
    "blocked_actions": 40174,