{
    "episode_count": 50,
    "metrics": {
        "total_reward": [
            -75627.29999999955,
            -73508.4999999998,
            -75745.39999999915,
            -74258.79999999907,
            -75312.4999999986,
            -76116.30000000035,
            -75132.59999999967,
            -76142.60000000006,
            -75966.99999999888,
            -75496.8000000003,
            -75932.60000000036,
            -74892.79999999992,
            -71714.30000000042,
            -75111.99999999974,
            -73306.0000000008,
            -75642.99999999916,
            -75239.30000000008,
            -73769.59999999948,
            -72801.2000000003,
            -75664.7999999985,
            -73024.30000000022,
            -72586.60000000011,
            -74011.40000000004,
            -74947.60000000021,
            -74513.79999999847,
            -74047.89999999832,
            -75628.99999999862,
            -73024.49999999914,
            -73279.99999999923,
            -72745.29999999906,
            -73201.30000000066,
            -75696.79999999973,
            -75322.10000000027,
            -74023.40000000023,
            -73166.70000000016,
            -75646.0999999993,
            -75060.49999999891,
            -73178.79999999882,
            -74226.79999999919,
            -75856.8000000002,
            -72716.49999999946,
            -73984.5000000008,
            -75373.49999999958,
            -75412.59999999916,
            -74850.79999999853,
            -75543.80000000002,
            -75231.50000000003,
            -74502.19999999905,
            -74050.80000000012,
            -72346.40000000026
        ],
        "total_production": [
            15,
            17,
            10,
            25,
            5,
            4,
            7,
            10,
            6,
            16,
            6,
            9,
            42,
            9,
            20,
            10,
            17,
            26,
            53,
            8,
            42,
            38,
            24,
            16,
            16,
            33,
            13,
            44,
            53,
            36,
            69,
            14,
            9,
            29,
            34,
            4,
            14,
            26,
            7,
            13,
            19,
            18,
            7,
            12,
            14,
            13,
            21,
            19,
            14,
            27
        ],
        "total_violations": [
            1491,
            1459,
            1484,
            1489,
            1475,
            1491,
            1473,
            1496,
            1489,
            1488,
            1490,
            1472,
            1481,
            1480,
            1471,
            1492,
            1496,
            1484,
            1481,
            1488,
            1489,
            1480,
            1484,
            1486,
            1486,
            1498,
            1496,
            1470,
            1493,
            1489,
            1480,
            1493,
            1487,
            1496,
            1497,
            1490,
            1487,
            1474,
            1466,
            1494,
            1450,
            1479,
            1482,
            1483,
            1481,
            1493,
            1490,
            1490,
            1470,
            1460
        ],
        "safety_rate": [
            0.006000000000000005,
            0.02733333333333332,
            0.010666666666666713,
            0.007333333333333303,
            0.01666666666666672,
            0.006000000000000005,
            0.018000000000000016,
            0.002666666666666706,
            0.007333333333333303,
            0.008000000000000007,
            0.00666666666666671,
            0.01866666666666672,
            0.012666666666666715,
            0.013333333333333308,
            0.019333333333333313,
            0.005333333333333301,
            0.002666666666666706,
            0.010666666666666713,
            0.012666666666666715,
            0.008000000000000007,
            0.007333333333333303,
            0.013333333333333308,
            0.010666666666666713,
            0.009333333333333305,
            0.009333333333333305,
            0.0013333333333332975,
            0.002666666666666706,
            0.020000000000000018,
            0.004666666666666708,
            0.007333333333333303,
            0.013333333333333308,
            0.004666666666666708,
            0.008666666666666711,
            0.002666666666666706,
            0.0020000000000000018,
            0.00666666666666671,
            0.008666666666666711,
            0.01733333333333331,
            0.022666666666666613,
            0.0040000000000000036,
            0.033333333333333326,
            0.014000000000000012,
            0.01200000000000001,
            0.011333333333333306,
            0.012666666666666715,
            0.004666666666666708,
            0.00666666666666671,
            0.00666666666666671,
            0.020000000000000018,
            0.026666666666666616
        ]
    }
}