{
  "timestamp": "2026-04-26T23:11:45.483975",
  "algorithm": "MAPPO-Standard",
  "use_shield": false,
  "num_episodes": 10,
  "episode_length": 500,
  "dynamic_context": true,
  "test_robustness": false,
  "metrics": {
    "episode_rewards": [
      -30080.100000000188,
      -30324.00000000026,
      -30180.700000000325,
      -28189.30000000043,
      -27574.6,
      -27535.800000000323,
      -28128.300000000076,
      -26999.100000000286,
      -27064.49999999992,
      -12391.099999999997
    ],
    "episode_violations": [
      1491,
      1494,
      1489,
      1492,
      1492,
      1491,
      1494,
      1491,
      1488,
      1475
    ],
    "episode_safety_rates": [
      0.006000000000000005,
      0.0040000000000000036,
      0.007333333333333303,
      0.005333333333333301,
      0.005333333333333301,
      0.006000000000000005,
      0.0040000000000000036,
      0.006000000000000005,
      0.008000000000000007,
      0.01666666666666672
    ],
    "episode_productions": [
      14,
      19,
      18,
      35,
      46,
      50,
      49,
      53,
      58,
      225
    ],
    "episode_corrections": [
      0,
      0,
      0,
      0,
      0,
      0,
      0,
      0,
      0,
      0
    ],
    "actor_losses": [
      -0.0032654570596706537,
      -0.0014091435910409524,
      -0.005575598301624673,
      -0.007700205120878915,
      -0.0014099657677838374,
      -0.005286557257123705,
      -0.0028314240173333226,
      -0.004050272077115047,
      -0.0030910530800206796,
      -0.002207161852210346
    ],
    "critic_losses": [
      109200.74576822917,
      110449.50678168402,
      109764.66140407987,
      96024.38140190973,
      91471.80243598089,
      91813.61393229167,
      92748.68202039931,
      84866.41834852431,
      84233.74948459202,
      40426.127590603304
    ]
  },
  "summary": {
    "mean_reward": -26846.750000000182,
    "std_reward": 4971.386640817702,
    "mean_safety": 0.006866666666666665,
    "std_safety": 0.0034775470281986766,
    "total_violations": 14897,
    "total_production": 225
  },
  "robustness_stats": null,
  "context_changes": [
    {
      "episode": 0,
      "new_context": "steel",
      "thresholds": {
        "temperature_max": 850,
        "temperature_warning": 800,
        "temperature_high": 750,
        "pressure_max": 10,
        "pressure_warning": 9.0,
        "pressure_high": 8.5,
        "speed_max": 10,
        "speed_min": 0
      }
    }
  ]
}