{
  "timestamp": "2026-04-26T23:12:52.880163",
  "algorithm": "MAPPO-NS",
  "use_shield": true,
  "num_episodes": 10,
  "episode_length": 500,
  "dynamic_context": true,
  "test_robustness": false,
  "metrics": {
    "episode_rewards": [
      -32830.0,
      -32743.0,
      -32257.0,
      -32046.599999999715,
      -32880.0,
      -32043.0,
      -30807.999999999738,
      -31901.500000000247,
      -23683.60000000007,
      -28683.199999999793
    ],
    "episode_violations": [
      1492,
      1489,
      1465,
      1476,
      1494,
      1455,
      1453,
      1456,
      1288,
      1319
    ],
    "episode_safety_rates": [
      0.005333333333333301,
      0.007333333333333303,
      0.023333333333333317,
      0.016000000000000014,
      0.0040000000000000036,
      0.030000000000000027,
      0.031333333333333324,
      0.029333333333333322,
      0.1413333333333333,
      0.1206666666666667
    ],
    "episode_productions": [
      0,
      0,
      0,
      3,
      0,
      0,
      8,
      1,
      34,
      3
    ],
    "episode_corrections": [
      0,
      0,
      0,
      0,
      0,
      0,
      0,
      0,
      0,
      0
    ],
    "actor_losses": [
      -0.01717884385854834,
      -0.026991580250776474,
      -0.03811571784576195,
      -0.04575260524224076,
      -0.05148816508072842,
      -0.04834683935364916,
      -0.048549614167617015,
      -0.0455829654302862,
      -0.061058508891922735,
      -0.05544648825889453
    ],
    "critic_losses": [
      129715.556640625,
      129197.37293836806,
      127549.43961588542,
      124423.21430121527,
      128124.6884765625,
      125171.10796440973,
      115240.54953342014,
      121777.84147135417,
      89048.82347276475,
      106098.39561631944
    ]
  },
  "summary": {
    "mean_reward": -30987.589999999956,
    "std_reward": 2709.7954891282816,
    "mean_safety": 0.04086666666666666,
    "std_safety": 0.04634177381154071,
    "total_violations": 14387,
    "total_production": 3
  },
  "robustness_stats": null,
  "context_changes": [],
  "shield_stats": {
    "total_checks": 15030,
    "safe_actions": 3159,
    "corrected_actions": 0,
    "blocked_actions": 11871,
    "intervention_rate": 0.7898203592814371,
    "by_agent": {
      "0": {
        "total_checks": 5010,
        "safe_actions": 992,
        "corrected_actions": 0,
        "blocked_actions": 4018,
        "sensor_error_corrections": 0,
        "conflict_resolutions": 0,
        "intervention_rate": 0.8019960079840319,
        "safety_rate": 0.19800399201596808,
        "total_interventions": 4018,
        "simulation_mode": true
      },
      "1": {
        "total_checks": 5010,
        "safe_actions": 941,
        "corrected_actions": 0,
        "blocked_actions": 4069,
        "sensor_error_corrections": 0,
        "conflict_resolutions": 0,
        "intervention_rate": 0.8121756487025948,
        "safety_rate": 0.18782435129740518,
        "total_interventions": 4069,
        "simulation_mode": true
      },
      "2": {
        "total_checks": 5010,
        "safe_actions": 1226,
        "corrected_actions": 0,
        "blocked_actions": 3784,
        "sensor_error_corrections": 0,
        "conflict_resolutions": 0,
        "intervention_rate": 0.7552894211576846,
        "safety_rate": 0.24471057884231537,
        "total_interventions": 3784,
        "simulation_mode": true
      }
    }
  }
}