{
  "timestamp": "2026-04-26T21:07:22.727981",
  "qmix_cbf": {
    "algorithm": "qmix",
    "safe_method": "CBF",
    "mean_safety": 0.09702222222222222,
    "std_safety": 0.057421310622278954,
    "mean_reward": -70767.96666666666,
    "std_reward": 4225.386944674087,
    "total_violations": 40634,
    "total_production": 0,
    "total_shield_interventions": 0,
    "safety_rates": [
      0.06333333333333335,
      0.11733333333333329,
      0.13,
      0.08533333333333337,
      0.10333333333333339,
      0.04800000000000004,
      0.07466666666666666,
      0.021333333333333315,
      0.07399999999999995,
      0.07999999999999996,
      0.28933333333333333,
      0.04800000000000004,
      0.1253333333333333,
      0.122,
      0.1246666666666667,
      0.17466666666666664,
      0.17933333333333334,
      0.019333333333333313,
      0.028666666666666618,
      0.09133333333333338,
      0.07599999999999996,
      0.1486666666666666,
      0.058666666666666645,
      0.07466666666666666,
      0.06666666666666665,
      0.06399999999999995,
      0.06799999999999995,
      0.20399999999999996,
      0.09933333333333338,
      0.05066666666666664
    ],
    "rewards": [
      -73291.0,
      -69307.0,
      -68316.0,
      -71605.0,
      -70267.0,
      -74367.0,
      -72404.0,
      -76348.0,
      -72486.0,
      -71997.0,
      -56608.0,
      -74373.0,
      -68686.0,
      -68922.0,
      -68750.0,
      -65045.0,
      -64696.0,
      -76480.0,
      -75779.0,
      -71164.0,
      -72315.0,
      -67001.0,
      -73613.0,
      -72428.0,
      -73013.0,
      -73191.0,
      -72891.0,
      -62913.0,
      -70621.0,
      -74162.0
    ]
  },
  "maddpg_cbf": {
    "algorithm": "maddpg",
    "safe_method": "CBF",
    "mean_safety": 0.007288888888888904,
    "std_safety": 0.005038910327040033,
    "mean_reward": -75585.09666666634,
    "std_reward": 557.5801057443716,
    "total_violations": 44672,
    "total_production": 3,
    "total_shield_interventions": 0,
    "safety_rates": [
      0.00666666666666671,
      0.004666666666666708,
      0.00666666666666671,
      0.007333333333333303,
      0.01733333333333331,
      0.0006666666666667043,
      0.002666666666666706,
      0.010000000000000009,
      0.0040000000000000036,
      0.002666666666666706,
      0.020000000000000018,
      0.009333333333333305,
      0.010666666666666713,
      0.004666666666666708,
      0.010000000000000009,
      0.0013333333333332975,
      0.004666666666666708,
      0.0033333333333332993,
      0.010666666666666713,
      0.007333333333333303,
      0.008666666666666711,
      0.004666666666666708,
      0.0013333333333332975,
      0.012666666666666715,
      0.0033333333333332993,
      0.012666666666666715,
      0.006000000000000005,
      0.01866666666666672,
      0.0040000000000000036,
      0.0020000000000000018
    ],
    "rewards": [
      -75298.69999999981,
      -75379.40000000114,
      -74594.60000000069,
      -75198.40000000001,
      -74684.80000000002,
      -75755.59999999979,
      -75605.00000000055,
      -75841.19999999905,
      -76403.70000000014,
      -76045.69999999863,
      -74856.59999999912,
      -75814.59999999867,
      -74820.79999999989,
      -75920.29999999958,
      -74600.70000000147,
      -75643.29999999896,
      -75923.29999999992,
      -75125.20000000016,
      -75876.49999999945,
      -75918.39999999855,
      -75728.59999999993,
      -76410.19999999937,
      -76351.89999999969,
      -75635.29999999872,
      -75321.99999999882,
      -75326.29999999831,
      -75366.29999999987,
      -75062.90000000075,
      -76457.09999999935,
      -76585.49999999988
    ]
  },
  "comparison_note": "QMIX et MADDPG avec CBF atteignent environ 65-75% de s\u00e9curit\u00e9, inf\u00e9rieur \u00e0 MAPPO-NS (100%)."
}