{
  "timestamp": "2026-04-23T03:10:20.558515",
  "algorithm": "MAPPO-Standard",
  "use_shield": false,
  "num_episodes": 50,
  "episode_length": 500,
  "metrics": {
    "episode_rewards": [
      -75929.99999999884,
      -74918.90000000047,
      -76092.20000000023,
      -74766.89999999924,
      -76366.29999999929,
      -76747.0,
      -75266.69999999984,
      -75619.39999999921,
      -75276.49999999985,
      -75500.59999999979,
      -76537.19999999965,
      -76029.59999999993,
      -75711.29999999805,
      -76308.39999999928,
      -75439.59999999798,
      -76396.30000000058,
      -76472.39999999979,
      -75576.99999999939,
      -74362.79999999984,
      -74543.39999999852,
      -75603.90000000026,
      -75929.09999999905,
      -75572.90000000065,
      -75095.39999999997,
      -76220.39999999966,
      -76030.80000000079,
      -75882.09999999977,
      -75836.0,
      -75397.3999999988,
      -75221.79999999888,
      -75566.00000000026,
      -76129.89999999877,
      -75002.80000000009,
      -75837.29999999932,
      -75668.70000000086,
      -74205.19999999863,
      -75746.09999999992,
      -75761.39999999767,
      -76189.99999999937,
      -76114.09999999931,
      -75981.29999999868,
      -75698.5999999997,
      -74438.69999999995,
      -74845.3999999982,
      -76293.80000000009,
      -76057.29999999978,
      -76230.0999999996,
      -76241.5999999993,
      -75990.49999999903,
      -75117.30000000022
    ],
    "episode_violations": [
      1488,
      1496,
      1493,
      1464,
      1495,
      1495,
      1485,
      1481,
      1484,
      1487,
      1494,
      1494,
      1488,
      1492,
      1489,
      1498,
      1494,
      1474,
      1479,
      1476,
      1491,
      1497,
      1493,
      1476,
      1494,
      1491,
      1498,
      1481,
      1490,
      1477,
      1493,
      1498,
      1489,
      1488,
      1491,
      1469,
      1494,
      1488,
      1493,
      1490,
      1488,
      1487,
      1485,
      1484,
      1496,
      1489,
      1489,
      1490,
      1490,
      1479
    ],
    "episode_safety_rates": [
      0.008000000000000007,
      0.002666666666666706,
      0.004666666666666708,
      0.02400000000000002,
      0.0033333333333332993,
      0.0033333333333332993,
      0.010000000000000009,
      0.012666666666666715,
      0.010666666666666713,
      0.008666666666666711,
      0.0040000000000000036,
      0.0040000000000000036,
      0.008000000000000007,
      0.005333333333333301,
      0.007333333333333303,
      0.0013333333333332975,
      0.0040000000000000036,
      0.01733333333333331,
      0.014000000000000012,
      0.016000000000000014,
      0.006000000000000005,
      0.0020000000000000018,
      0.004666666666666708,
      0.016000000000000014,
      0.0040000000000000036,
      0.006000000000000005,
      0.0013333333333332975,
      0.012666666666666715,
      0.00666666666666671,
      0.01533333333333331,
      0.004666666666666708,
      0.0013333333333332975,
      0.007333333333333303,
      0.008000000000000007,
      0.006000000000000005,
      0.020666666666666722,
      0.0040000000000000036,
      0.008000000000000007,
      0.004666666666666708,
      0.00666666666666671,
      0.008000000000000007,
      0.008666666666666711,
      0.010000000000000009,
      0.010666666666666713,
      0.002666666666666706,
      0.007333333333333303,
      0.007333333333333303,
      0.00666666666666671,
      0.00666666666666671,
      0.014000000000000012
    ],
    "episode_productions": [
      6,
      25,
      4,
      4,
      1,
      0,
      9,
      3,
      10,
      13,
      2,
      4,
      5,
      1,
      10,
      6,
      1,
      2,
      11,
      12,
      11,
      10,
      9,
      5,
      4,
      4,
      8,
      0,
      9,
      6,
      10,
      8,
      12,
      4,
      8,
      10,
      8,
      6,
      3,
      4,
      5,
      9,
      17,
      11,
      10,
      2,
      2,
      1,
      3,
      6
    ],
    "episode_corrections": [
      0,
      0,
      0,
      0,
      0,
      0,
      0,
      0,
      0,
      0,
      0,
      0,
      0,
      0,
      0,
      0,
      0,
      0,
      0,
      0,
      0,
      0,
      0,
      0,
      0,
      0,
      0,
      0,
      0,
      0,
      0,
      0,
      0,
      0,
      0,
      0,
      0,
      0,
      0,
      0,
      0,
      0,
      0,
      0,
      0,
      0,
      0,
      0,
      0,
      0
    ],
    "actor_losses": [
      -0.001657475362460698,
      0.002828316509193327,
      0.000468222951490639,
      -0.0025890279608170707,
      0.0024572328192233625,
      -0.0013280249210462596,
      -0.0007451769633917139,
      0.002092828794654148,
      0.001840613779980534,
      -0.0006703926095118126,
      -0.0010840296494683975,
      0.0006442004030557455,
      0.0012969811586016377,
      0.0018706376803392128,
      -0.002885981784654885,
      0.0028999716062874845,
      0.0015686296618595307,
      0.0010636674722061595,
      0.0004663017575189264,
      -0.00041801613567966136,
      0.0006873868987895548,
      -0.0018432009027391256,
      0.000656479950218151,
      -0.0009749211377412495,
      -0.0018825150853242825,
      0.0030585728236474097,
      0.0018533979503748317,
      0.0015992562633376417,
      0.001884939701994881,
      -0.0001375626258474464,
      0.00256651351689167,
      0.00017627926071226178,
      -0.00015724827406100102,
      -0.001696255185783634,
      0.0015182692748365097,
      0.0032406261630563275,
      0.0012403558422293926,
      0.0020346597157185897,
      -0.002943509756328745,
      -0.00105095152846641,
      -0.00029837844097831595,
      0.00017271225321261832,
      0.0005991980562814408,
      0.0026823598083056924,
      0.001907790640770044,
      0.0005700953657247332,
      -0.00019938898266344844,
      0.0002080494337456509,
      -0.0008997117337356837,
      0.0018313798387276216
    ],
    "critic_losses": [
      697122.0828993055,
      673693.2504340278,
      696188.9231770834,
      687543.2339409721,
      697557.4140625,
      702818.4848090279,
      680779.9639756945,
      688025.8203125,
      677559.1493055555,
      675313.3767361111,
      686675.296875,
      673177.4088541666,
      667529.6236979166,
      671542.3077256944,
      649494.3949652779,
      656093.2387152779,
      655366.3585069444,
      646780.2105034721,
      610441.1575520834,
      609262.0219184029,
      610557.630859375,
      600662.7762586805,
      588056.5145399305,
      582923.0531684026,
      578053.8402777779,
      565634.5327690971,
      543497.5080295139,
      546607.5614149305,
      517812.8736979167,
      512773.5466579862,
      485213.0397135417,
      478086.58875868056,
      456962.4427083333,
      456641.7534722222,
      441290.20811631944,
      420633.712890625,
      408085.73849826393,
      403112.2115885417,
      388445.51681857643,
      381052.13400607643,
      370969.8450520833,
      351544.81857638893,
      322056.3014322917,
      324191.5669487847,
      320308.24609375,
      314512.435438368,
      308478.57541232643,
      304414.4593098958,
      299511.4866536458,
      329367.22439236107
    ]
  },
  "summary": {
    "mean_reward": -75675.36799999954,
    "std_reward": 591.8740860825965,
    "mean_safety": 0.007946666666666678,
    "std_safety": 0.004992153843783269,
    "total_violations": 74404,
    "total_production": 6
  }
}