{
    "episode_count": 50,
    "use_shield": true,
    "metrics": {
        "total_reward": [
            2912.699999999998,
            1606.1999999999884,
            7273.800000000028,
            2769.2999999999806,
            6383.399999999991,
            5015.399999999989,
            4459.499999999989,
            10652.100000000035,
            2650.5,
            6282.60000000003,
            7980.900000000007,
            10759.799999999988,
            13028.699999999817,
            12195.900000000061,
            14850.900000000043,
            10556.700000000033,
            18804.900000000005,
            11747.100000000037,
            7237.199999999933,
            14724.000000000073,
            17019.900000000052,
            7463.40000000004,
            13118.999999999976,
            7547.99999999999,
            7610.69999999997,
            7174.199999999966,
            14170.49999999998,
            24189.599999999813,
            12102.899999999941,
            9041.099999999951,
            11593.500000000015,
            8084.400000000006,
            14161.799999999934,
            12304.19999999989,
            6191.699999999941,
            6030.6000000000295,
            10514.999999999935,
            9868.500000000095,
            4046.100000000018,
            5736.300000000001,
            4278.600000000001,
            12895.799999999988,
            7550.100000000032,
            12200.399999999989,
            13173.300000000048,
            19299.90000000014,
            9180.300000000003,
            7697.40000000001,
            12315.000000000005,
            9720.900000000052
        ],
        "total_production": [
            62,
            32,
            135,
            53,
            91,
            88,
            60,
            132,
            55,
            92,
            172,
            158,
            132,
            168,
            224,
            166,
            225,
            172,
            143,
            187,
            195,
            87,
            184,
            116,
            130,
            158,
            214,
            325,
            216,
            144,
            189,
            139,
            192,
            175,
            119,
            86,
            149,
            116,
            105,
            95,
            69,
            141,
            156,
            176,
            219,
            241,
            195,
            101,
            190,
            163
        ],
        "total_violations": [
            0,
            0,
            0,
            0,
            0,
            0,
            0,
            0,
            0,
            0,
            0,
            0,
            0,
            0,
            0,
            0,
            0,
            0,
            0,
            0,
            0,
            0,
            0,
            0,
            0,
            0,
            0,
            0,
            0,
            0,
            0,
            0,
            0,
            0,
            0,
            0,
            0,
            0,
            0,
            0,
            0,
            0,
            0,
            0,
            0,
            0,
            0,
            0,
            0,
            0
        ],
        "safety_rate": [
            1.0,
            1.0,
            1.0,
            1.0,
            1.0,
            1.0,
            1.0,
            1.0,
            1.0,
            1.0,
            1.0,
            1.0,
            1.0,
            1.0,
            1.0,
            1.0,
            1.0,
            1.0,
            1.0,
            1.0,
            1.0,
            1.0,
            1.0,
            1.0,
            1.0,
            1.0,
            1.0,
            1.0,
            1.0,
            1.0,
            1.0,
            1.0,
            1.0,
            1.0,
            1.0,
            1.0,
            1.0,
            1.0,
            1.0,
            1.0,
            1.0,
            1.0,
            1.0,
            1.0,
            1.0,
            1.0,
            1.0,
            1.0,
            1.0,
            1.0
        ]
    },
    "shield_stats": {
        "blocked_actions": 0,
        "corrected_actions": 14084
    }
}