{
    "episode_count": 50,
    "metrics": {
        "total_reward": [
            -75918.29999999939,
            -75838.8999999992,
            -75868.69999999985,
            -76273.79999999923,
            -75686.80000000025,
            -75281.30000000013,
            -74798.40000000059,
            -75193.70000000008,
            -75504.79999999929,
            -75579.59999999861,
            -75959.49999999919,
            -76076.79999999986,
            -74379.99999999999,
            -76085.49999999929,
            -75970.29999999954,
            -74121.0,
            -76667.19999999931,
            -75920.69999999877,
            -76292.5999999986,
            -75970.29999999993,
            -76086.89999999893,
            -75503.90000000037,
            -75674.89999999959,
            -76153.0,
            -76298.70000000011,
            -75825.29999999916,
            -75778.89999999879,
            -76522.29999999976,
            -76240.89999999906,
            -74731.79999999958,
            -74919.40000000043,
            -75215.89999999994,
            -76393.40000000005,
            -76249.19999999946,
            -75436.60000000012,
            -75992.1999999996,
            -75295.40000000037,
            -75931.49999999917,
            -76391.2999999993,
            -76364.69999999998,
            -75589.90000000039,
            -76256.29999999965,
            -75898.90000000085,
            -75978.8,
            -75776.6999999995,
            -76021.9,
            -74462.89999999983,
            -75475.1999999993,
            -76095.30000000048,
            -75344.79999999884
        ],
        "total_production": [
            6,
            2,
            5,
            3,
            5,
            10,
            9,
            5,
            7,
            8,
            7,
            5,
            9,
            3,
            9,
            27,
            1,
            2,
            7,
            4,
            11,
            3,
            13,
            0,
            3,
            9,
            4,
            2,
            2,
            11,
            3,
            3,
            4,
            1,
            10,
            6,
            5,
            7,
            1,
            3,
            9,
            9,
            7,
            5,
            4,
            2,
            16,
            9,
            7,
            15
        ],
        "total_violations": [
            1491,
            1480,
            1493,
            1494,
            1486,
            1490,
            1479,
            1478,
            1484,
            1485,
            1495,
            1492,
            1465,
            1492,
            1492,
            1497,
            1495,
            1482,
            1493,
            1486,
            1497,
            1478,
            1493,
            1486,
            1494,
            1497,
            1480,
            1495,
            1489,
            1467,
            1465,
            1475,
            1493,
            1488,
            1486,
            1489,
            1481,
            1488,
            1490,
            1494,
            1486,
            1499,
            1489,
            1484,
            1482,
            1486,
            1481,
            1479,
            1494,
            1492
        ],
        "safety_rate": [
            0.006000000000000005,
            0.013333333333333308,
            0.004666666666666708,
            0.0040000000000000036,
            0.009333333333333305,
            0.00666666666666671,
            0.014000000000000012,
            0.014666666666666717,
            0.010666666666666713,
            0.010000000000000009,
            0.0033333333333332993,
            0.005333333333333301,
            0.023333333333333317,
            0.005333333333333301,
            0.005333333333333301,
            0.0020000000000000018,
            0.0033333333333332993,
            0.01200000000000001,
            0.004666666666666708,
            0.009333333333333305,
            0.0020000000000000018,
            0.014666666666666717,
            0.004666666666666708,
            0.009333333333333305,
            0.0040000000000000036,
            0.0020000000000000018,
            0.013333333333333308,
            0.0033333333333332993,
            0.007333333333333303,
            0.02200000000000002,
            0.023333333333333317,
            0.01666666666666672,
            0.004666666666666708,
            0.008000000000000007,
            0.009333333333333305,
            0.007333333333333303,
            0.012666666666666715,
            0.008000000000000007,
            0.00666666666666671,
            0.0040000000000000036,
            0.009333333333333305,
            0.0006666666666667043,
            0.007333333333333303,
            0.010666666666666713,
            0.01200000000000001,
            0.009333333333333305,
            0.012666666666666715,
            0.014000000000000012,
            0.0040000000000000036,
            0.005333333333333301
        ]
    }
}