{
    "episode_count": 50,
    "use_shield": true,
    "metrics": {
        "total_reward": [
            3581.9999999999927,
            -480.8999999999963,
            4518.600000000021,
            3707.7000000000244,
            2795.4000000000074,
            2446.8000000000025,
            4587.599999999957,
            2228.39999999999,
            7309.49999999996,
            9917.69999999993,
            3440.7000000000226,
            1981.2000000000085,
            10260.599999999971,
            11312.699999999946,
            11909.399999999909,
            4978.500000000008,
            14265.00000000003,
            11831.700000000015,
            10822.80000000002,
            4919.400000000016,
            12780.300000000012,
            29078.09999999988,
            11901.599999999951,
            7855.500000000015,
            10489.800000000003,
            12174.299999999956,
            9529.8,
            14755.499999999924,
            22645.200000000143,
            13987.500000000007,
            18968.69999999995,
            14412.299999999923,
            9873.599999999944,
            8000.69999999994,
            7130.09999999995,
            6871.50000000004,
            8818.199999999999,
            9255.300000000032,
            5589.299999999973,
            16022.399999999972,
            13280.400000000027,
            6565.799999999983,
            10697.700000000003,
            7479.300000000013,
            6876.300000000056,
            8898.900000000027,
            5631.600000000001,
            26297.599999999893,
            16112.99999999994,
            17651.699999999877
        ],
        "total_production": [
            62,
            9,
            59,
            66,
            45,
            46,
            60,
            35,
            120,
            114,
            67,
            54,
            137,
            169,
            167,
            116,
            192,
            179,
            201,
            96,
            151,
            397,
            193,
            122,
            183,
            232,
            151,
            251,
            280,
            190,
            293,
            211,
            202,
            102,
            106,
            177,
            133,
            149,
            95,
            177,
            208,
            130,
            189,
            126,
            139,
            125,
            130,
            415,
            257,
            290
        ],
        "total_violations": [
            0,
            0,
            0,
            0,
            0,
            0,
            0,
            0,
            0,
            0,
            0,
            0,
            0,
            0,
            0,
            0,
            0,
            0,
            0,
            0,
            0,
            0,
            0,
            0,
            0,
            0,
            0,
            0,
            0,
            0,
            0,
            0,
            0,
            0,
            0,
            0,
            0,
            0,
            0,
            0,
            0,
            0,
            0,
            0,
            0,
            0,
            0,
            14,
            0,
            0
        ],
        "safety_rate": [
            1.0,
            1.0,
            1.0,
            1.0,
            1.0,
            1.0,
            1.0,
            1.0,
            1.0,
            1.0,
            1.0,
            1.0,
            1.0,
            1.0,
            1.0,
            1.0,
            1.0,
            1.0,
            1.0,
            1.0,
            1.0,
            1.0,
            1.0,
            1.0,
            1.0,
            1.0,
            1.0,
            1.0,
            1.0,
            1.0,
            1.0,
            1.0,
            1.0,
            1.0,
            1.0,
            1.0,
            1.0,
            1.0,
            1.0,
            1.0,
            1.0,
            1.0,
            1.0,
            1.0,
            1.0,
            1.0,
            1.0,
            0.9906666666666667,
            1.0,
            1.0
        ]
    },
    "shield_stats": {
        "blocked_actions": 0,
        "corrected_actions": 13922
    }
}