{
    "timestamp": "2026-04-23T03:12:03.427968",
    "num_episodes": 50,
    "algorithms": {
        "MAPPO": {
            "mean_safety": 1.0,
            "std_safety": 0.0,
            "mean_reward": -1531.56,
            "std_reward": 16.66272486719984,
            "total_violations": 0,
            "safety_rates": [
                1.0,
                1.0,
                1.0,
                1.0,
                1.0,
                1.0,
                1.0,
                1.0,
                1.0,
                1.0,
                1.0,
                1.0,
                1.0,
                1.0,
                1.0,
                1.0,
                1.0,
                1.0,
                1.0,
                1.0,
                1.0,
                1.0,
                1.0,
                1.0,
                1.0,
                1.0,
                1.0,
                1.0,
                1.0,
                1.0,
                1.0,
                1.0,
                1.0,
                1.0,
                1.0,
                1.0,
                1.0,
                1.0,
                1.0,
                1.0,
                1.0,
                1.0,
                1.0,
                1.0,
                1.0,
                1.0,
                1.0,
                1.0,
                1.0,
                1.0
            ],
            "rewards": [
                -1506.0,
                -1548.0,
                -1542.0,
                -1548.0,
                -1548.0,
                -1518.0,
                -1524.0,
                -1554.0,
                -1518.0,
                -1542.0,
                -1524.0,
                -1524.0,
                -1542.0,
                -1560.0,
                -1560.0,
                -1548.0,
                -1506.0,
                -1530.0,
                -1518.0,
                -1518.0,
                -1542.0,
                -1512.0,
                -1524.0,
                -1512.0,
                -1518.0,
                -1518.0,
                -1518.0,
                -1554.0,
                -1518.0,
                -1524.0,
                -1512.0,
                -1536.0,
                -1536.0,
                -1554.0,
                -1548.0,
                -1530.0,
                -1560.0,
                -1524.0,
                -1548.0,
                -1518.0,
                -1506.0,
                -1554.0,
                -1542.0,
                -1506.0,
                -1506.0,
                -1530.0,
                -1542.0,
                -1536.0,
                -1554.0,
                -1518.0
            ]
        },
        "MAPPO-NS": {
            "mean_safety": 1.0,
            "std_safety": 0.0,
            "mean_reward": -1534.56,
            "std_reward": 15.809060693159477,
            "total_violations": 0,
            "safety_rates": [
                1.0,
                1.0,
                1.0,
                1.0,
                1.0,
                1.0,
                1.0,
                1.0,
                1.0,
                1.0,
                1.0,
                1.0,
                1.0,
                1.0,
                1.0,
                1.0,
                1.0,
                1.0,
                1.0,
                1.0,
                1.0,
                1.0,
                1.0,
                1.0,
                1.0,
                1.0,
                1.0,
                1.0,
                1.0,
                1.0,
                1.0,
                1.0,
                1.0,
                1.0,
                1.0,
                1.0,
                1.0,
                1.0,
                1.0,
                1.0,
                1.0,
                1.0,
                1.0,
                1.0,
                1.0,
                1.0,
                1.0,
                1.0,
                1.0,
                1.0
            ],
            "rewards": [
                -1506.0,
                -1560.0,
                -1524.0,
                -1512.0,
                -1524.0,
                -1512.0,
                -1518.0,
                -1536.0,
                -1530.0,
                -1536.0,
                -1536.0,
                -1506.0,
                -1530.0,
                -1560.0,
                -1530.0,
                -1548.0,
                -1536.0,
                -1536.0,
                -1530.0,
                -1554.0,
                -1512.0,
                -1512.0,
                -1560.0,
                -1536.0,
                -1548.0,
                -1554.0,
                -1518.0,
                -1524.0,
                -1560.0,
                -1554.0,
                -1536.0,
                -1536.0,
                -1554.0,
                -1536.0,
                -1548.0,
                -1548.0,
                -1536.0,
                -1560.0,
                -1530.0,
                -1542.0,
                -1560.0,
                -1512.0,
                -1536.0,
                -1548.0,
                -1518.0,
                -1530.0,
                -1512.0,
                -1524.0,
                -1530.0,
                -1530.0
            ]
        },
        "QMIX": {
            "mean_safety": 1.0,
            "std_safety": 0.0,
            "mean_reward": -1532.4,
            "std_reward": 17.919821427681693,
            "total_violations": 0,
            "safety_rates": [
                1.0,
                1.0,
                1.0,
                1.0,
                1.0,
                1.0,
                1.0,
                1.0,
                1.0,
                1.0,
                1.0,
                1.0,
                1.0,
                1.0,
                1.0,
                1.0,
                1.0,
                1.0,
                1.0,
                1.0,
                1.0,
                1.0,
                1.0,
                1.0,
                1.0,
                1.0,
                1.0,
                1.0,
                1.0,
                1.0,
                1.0,
                1.0,
                1.0,
                1.0,
                1.0,
                1.0,
                1.0,
                1.0,
                1.0,
                1.0,
                1.0,
                1.0,
                1.0,
                1.0,
                1.0,
                1.0,
                1.0,
                1.0,
                1.0,
                1.0
            ],
            "rewards": [
                -1548.0,
                -1548.0,
                -1560.0,
                -1542.0,
                -1548.0,
                -1512.0,
                -1524.0,
                -1506.0,
                -1536.0,
                -1518.0,
                -1554.0,
                -1548.0,
                -1506.0,
                -1524.0,
                -1542.0,
                -1560.0,
                -1548.0,
                -1560.0,
                -1524.0,
                -1530.0,
                -1524.0,
                -1548.0,
                -1518.0,
                -1530.0,
                -1530.0,
                -1530.0,
                -1512.0,
                -1536.0,
                -1506.0,
                -1548.0,
                -1554.0,
                -1506.0,
                -1560.0,
                -1506.0,
                -1530.0,
                -1512.0,
                -1542.0,
                -1536.0,
                -1536.0,
                -1536.0,
                -1506.0,
                -1512.0,
                -1542.0,
                -1506.0,
                -1506.0,
                -1518.0,
                -1524.0,
                -1560.0,
                -1554.0,
                -1554.0
            ]
        },
        "MADDPG": {
            "mean_safety": 1.0,
            "std_safety": 0.0,
            "mean_reward": -1532.64,